file,column,inferred_dtype,rows,non_null_rows,missing_rows,missing_pct,distinct_non_null_values
olist_customers_dataset.csv,customer_id,object,99441,99441,0,0.0,99441
olist_customers_dataset.csv,customer_unique_id,object,99441,99441,0,0.0,96096
olist_customers_dataset.csv,customer_zip_code_prefix,int64,99441,99441,0,0.0,14994
olist_customers_dataset.csv,customer_city,object,99441,99441,0,0.0,4119
olist_customers_dataset.csv,customer_state,object,99441,99441,0,0.0,27
olist_geolocation_dataset.csv,geolocation_zip_code_prefix,int64,1000163,1000163,0,0.0,19015
olist_geolocation_dataset.csv,geolocation_lat,float64,1000163,1000163,0,0.0,717360
olist_geolocation_dataset.csv,geolocation_lng,float64,1000163,1000163,0,0.0,717613
olist_geolocation_dataset.csv,geolocation_city,object,1000163,1000163,0,0.0,8011
olist_geolocation_dataset.csv,geolocation_state,object,1000163,1000163,0,0.0,27
olist_order_items_dataset.csv,order_id,object,112650,112650,0,0.0,98666
olist_order_items_dataset.csv,order_item_id,int64,112650,112650,0,0.0,21
olist_order_items_dataset.csv,product_id,object,112650,112650,0,0.0,32951
olist_order_items_dataset.csv,seller_id,object,112650,112650,0,0.0,3095
olist_order_items_dataset.csv,shipping_limit_date,object,112650,112650,0,0.0,93318
olist_order_items_dataset.csv,price,float64,112650,112650,0,0.0,5968
olist_order_items_dataset.csv,freight_value,float64,112650,112650,0,0.0,6999
olist_order_payments_dataset.csv,order_id,object,103886,103886,0,0.0,99440
olist_order_payments_dataset.csv,payment_sequential,int64,103886,103886,0,0.0,29
olist_order_payments_dataset.csv,payment_type,object,103886,103886,0,0.0,5
olist_order_payments_dataset.csv,payment_installments,int64,103886,103886,0,0.0,24
olist_order_payments_dataset.csv,payment_value,float64,103886,103886,0,0.0,29077
olist_order_reviews_dataset.csv,review_id,object,99224,99224,0,0.0,98410
olist_order_reviews_dataset.csv,order_id,object,99224,99224,0,0.0,98673
olist_order_reviews_dataset.csv,review_score,int64,99224,99224,0,0.0,5
olist_order_reviews_dataset.csv,review_comment_title,object,99224,11568,87656,88.3415,4527
olist_order_reviews_dataset.csv,review_comment_message,object,99224,40977,58247,58.7025,36159
olist_order_reviews_dataset.csv,review_creation_date,object,99224,99224,0,0.0,636
olist_order_reviews_dataset.csv,review_answer_timestamp,object,99224,99224,0,0.0,98248
olist_orders_dataset.csv,order_id,object,99441,99441,0,0.0,99441
olist_orders_dataset.csv,customer_id,object,99441,99441,0,0.0,99441
olist_orders_dataset.csv,order_status,object,99441,99441,0,0.0,8
olist_orders_dataset.csv,order_purchase_timestamp,object,99441,99441,0,0.0,98875
olist_orders_dataset.csv,order_approved_at,object,99441,99281,160,0.1609,90733
olist_orders_dataset.csv,order_delivered_carrier_date,object,99441,97658,1783,1.793,81018
olist_orders_dataset.csv,order_delivered_customer_date,object,99441,96476,2965,2.9817,95664
olist_orders_dataset.csv,order_estimated_delivery_date,object,99441,99441,0,0.0,459
olist_products_dataset.csv,product_id,object,32951,32951,0,0.0,32951
olist_products_dataset.csv,product_category_name,object,32951,32341,610,1.8512,73
olist_products_dataset.csv,product_name_lenght,float64,32951,32341,610,1.8512,66
olist_products_dataset.csv,product_description_lenght,float64,32951,32341,610,1.8512,2960
olist_products_dataset.csv,product_photos_qty,float64,32951,32341,610,1.8512,19
olist_products_dataset.csv,product_weight_g,float64,32951,32949,2,0.0061,2204
olist_products_dataset.csv,product_length_cm,float64,32951,32949,2,0.0061,99
olist_products_dataset.csv,product_height_cm,float64,32951,32949,2,0.0061,102
olist_products_dataset.csv,product_width_cm,float64,32951,32949,2,0.0061,95
olist_sellers_dataset.csv,seller_id,object,3095,3095,0,0.0,3095
olist_sellers_dataset.csv,seller_zip_code_prefix,int64,3095,3095,0,0.0,2246
olist_sellers_dataset.csv,seller_city,object,3095,3095,0,0.0,611
olist_sellers_dataset.csv,seller_state,object,3095,3095,0,0.0,23
product_category_name_translation.csv,product_category_name,object,71,71,0,0.0,71
product_category_name_translation.csv,product_category_name_english,object,71,71,0,0.0,71
