file,rows,columns,exact_duplicate_rows,missing_cells,missing_cell_pct,missing_expected_columns,unexpected_columns,column_check_passed
olist_customers_dataset.csv,99441,5,0,0,0.0,,,True
olist_geolocation_dataset.csv,1000163,5,261831,0,0.0,,,True
olist_order_items_dataset.csv,112650,7,0,0,0.0,,,True
olist_order_payments_dataset.csv,103886,5,0,0,0.0,,,True
olist_order_reviews_dataset.csv,99224,7,0,145903,21.0063,,,True
olist_orders_dataset.csv,99441,8,0,4908,0.6169,,,True
olist_products_dataset.csv,32951,9,0,2448,0.8255,,,True
olist_sellers_dataset.csv,3095,4,0,0,0.0,,,True
product_category_name_translation.csv,71,2,0,0,0.0,,,True
